region_level,region_name,ipcc_code,sector_name,gas,year,value,unit,source,gwp
province,ACEH,1A,Fuel combustion,CO2,2023,10365.549291159554,Gg,PRIMAP-hist v2.6.1 HISTCR (country-reported); provincial share from Climate TRACE assets,
province,BALI,1A,Fuel combustion,CO2,2023,11274.207311617964,Gg,PRIMAP-hist v2.6.1 HISTCR (country-reported); provincial share from Climate TRACE assets,
province,BANTEN,1A,Fuel combustion,CO2,2023,78790.77208132313,Gg,PRIMAP-hist v2.6.1 HISTCR (country-reported); provincial share from Climate TRACE assets,
province,BENGKULU,1A,Fuel combustion,CO2,2023,3881.8199566951157,Gg,PRIMAP-hist v2.6.1 HISTCR (country-reported); provincial share from Climate TRACE assets,
province,DI YOGYAKARTA,1A,Fuel combustion,CO2,2023,7125.863720577905,Gg,PRIMAP-hist v2.6.1 HISTCR (country-reported); provincial share from Climate TRACE assets,
province,DKI JAKARTA,1A,Fuel combustion,CO2,2023,10012.760522153449,Gg,PRIMAP-hist v2.6.1 HISTCR (country-reported); provincial share from Climate TRACE assets,
province,GORONTALO,1A,Fuel combustion,CO2,2023,1344.062628049803,Gg,PRIMAP-hist v2.6.1 HISTCR (country-reported); provincial share from Climate TRACE assets,
province,JAMBI,1A,Fuel combustion,CO2,2023,6209.67823601904,Gg,PRIMAP-hist v2.6.1 HISTCR (country-reported); provincial share from Climate TRACE assets,
province,JAWA BARAT,1A,Fuel combustion,CO2,2023,76479.4442983552,Gg,PRIMAP-hist v2.6.1 HISTCR (country-reported); provincial share from Climate TRACE assets,
province,JAWA TENGAH,1A,Fuel combustion,CO2,2023,121917.93583093198,Gg,PRIMAP-hist v2.6.1 HISTCR (country-reported); provincial share from Climate TRACE assets,
province,JAWA TIMUR,1A,Fuel combustion,CO2,2023,108555.26867717902,Gg,PRIMAP-hist v2.6.1 HISTCR (country-reported); provincial share from Climate TRACE assets,
province,KALIMANTAN BARAT,1A,Fuel combustion,CO2,2023,9741.69647951802,Gg,PRIMAP-hist v2.6.1 HISTCR (country-reported); provincial share from Climate TRACE assets,
province,KALIMANTAN SELATAN,1A,Fuel combustion,CO2,2023,10944.023707139306,Gg,PRIMAP-hist v2.6.1 HISTCR (country-reported); provincial share from Climate TRACE assets,
province,KALIMANTAN TENGAH,1A,Fuel combustion,CO2,2023,7731.191476713509,Gg,PRIMAP-hist v2.6.1 HISTCR (country-reported); provincial share from Climate TRACE assets,
province,KALIMANTAN TIMUR,1A,Fuel combustion,CO2,2023,14130.602009400201,Gg,PRIMAP-hist v2.6.1 HISTCR (country-reported); provincial share from Climate TRACE assets,
province,KALIMANTAN UTARA,1A,Fuel combustion,CO2,2023,903.7099577736944,Gg,PRIMAP-hist v2.6.1 HISTCR (country-reported); provincial share from Climate TRACE assets,
province,KEPULAUAN BANGKA BELITUNG,1A,Fuel combustion,CO2,2023,3240.329683088931,Gg,PRIMAP-hist v2.6.1 HISTCR (country-reported); provincial share from Climate TRACE assets,
province,KEPULAUAN RIAU,1A,Fuel combustion,CO2,2023,7410.953445896506,Gg,PRIMAP-hist v2.6.1 HISTCR (country-reported); provincial share from Climate TRACE assets,
province,LAMPUNG,1A,Fuel combustion,CO2,2023,11483.656598603411,Gg,PRIMAP-hist v2.6.1 HISTCR (country-reported); provincial share from Climate TRACE assets,
province,MALUKU,1A,Fuel combustion,CO2,2023,1825.4457159829394,Gg,PRIMAP-hist v2.6.1 HISTCR (country-reported); provincial share from Climate TRACE assets,
province,MALUKU UTARA,1A,Fuel combustion,CO2,2023,22285.597740960904,Gg,PRIMAP-hist v2.6.1 HISTCR (country-reported); provincial share from Climate TRACE assets,
province,NUSA TENGGARA BARAT,1A,Fuel combustion,CO2,2023,6882.898960474217,Gg,PRIMAP-hist v2.6.1 HISTCR (country-reported); provincial share from Climate TRACE assets,
province,NUSA TENGGARA TIMUR,1A,Fuel combustion,CO2,2023,4612.69590417516,Gg,PRIMAP-hist v2.6.1 HISTCR (country-reported); provincial share from Climate TRACE assets,
province,PAPUA,1A,Fuel combustion,CO2,2023,1571.8042674802034,Gg,PRIMAP-hist v2.6.1 HISTCR (country-reported); provincial share from Climate TRACE assets,
province,PAPUA BARAT,1A,Fuel combustion,CO2,2023,661.9522567918095,Gg,PRIMAP-hist v2.6.1 HISTCR (country-reported); provincial share from Climate TRACE assets,
province,PAPUA BARAT DAYA,1A,Fuel combustion,CO2,2023,866.616355325577,Gg,PRIMAP-hist v2.6.1 HISTCR (country-reported); provincial share from Climate TRACE assets,
province,PAPUA PEGUNUNGAN,1A,Fuel combustion,CO2,2023,344.18387720934,Gg,PRIMAP-hist v2.6.1 HISTCR (country-reported); provincial share from Climate TRACE assets,
province,PAPUA SELATAN,1A,Fuel combustion,CO2,2023,737.1556978386704,Gg,PRIMAP-hist v2.6.1 HISTCR (country-reported); provincial share from Climate TRACE assets,
province,PAPUA TENGAH,1A,Fuel combustion,CO2,2023,2608.8830335076295,Gg,PRIMAP-hist v2.6.1 HISTCR (country-reported); provincial share from Climate TRACE assets,
province,RIAU,1A,Fuel combustion,CO2,2023,21540.70150812816,Gg,PRIMAP-hist v2.6.1 HISTCR (country-reported); provincial share from Climate TRACE assets,
province,SULAWESI BARAT,1A,Fuel combustion,CO2,2023,1214.2125572193136,Gg,PRIMAP-hist v2.6.1 HISTCR (country-reported); provincial share from Climate TRACE assets,
province,SULAWESI SELATAN,1A,Fuel combustion,CO2,2023,13873.834639750723,Gg,PRIMAP-hist v2.6.1 HISTCR (country-reported); provincial share from Climate TRACE assets,
province,SULAWESI TENGAH,1A,Fuel combustion,CO2,2023,32472.915314709935,Gg,PRIMAP-hist v2.6.1 HISTCR (country-reported); provincial share from Climate TRACE assets,
province,SULAWESI TENGGARA,1A,Fuel combustion,CO2,2023,23461.65446757332,Gg,PRIMAP-hist v2.6.1 HISTCR (country-reported); provincial share from Climate TRACE assets,
province,SULAWESI UTARA,1A,Fuel combustion,CO2,2023,5173.045353118846,Gg,PRIMAP-hist v2.6.1 HISTCR (country-reported); provincial share from Climate TRACE assets,
province,SUMATERA BARAT,1A,Fuel combustion,CO2,2023,9068.16050542829,Gg,PRIMAP-hist v2.6.1 HISTCR (country-reported); provincial share from Climate TRACE assets,
province,SUMATERA SELATAN,1A,Fuel combustion,CO2,2023,22986.911578850337,Gg,PRIMAP-hist v2.6.1 HISTCR (country-reported); provincial share from Climate TRACE assets,
province,SUMATERA UTARA,1A,Fuel combustion,CO2,2023,31267.80435327741,Gg,PRIMAP-hist v2.6.1 HISTCR (country-reported); provincial share from Climate TRACE assets,
province,ACEH,1B,Fugitive emissions from fuels,CO2,2023,25.008232578730855,Gg,PRIMAP-hist v2.6.1 HISTCR (country-reported); provincial share from Climate TRACE assets,
province,BENGKULU,1B,Fugitive emissions from fuels,CO2,2023,40.18981133765754,Gg,PRIMAP-hist v2.6.1 HISTCR (country-reported); provincial share from Climate TRACE assets,
province,DKI JAKARTA,1B,Fugitive emissions from fuels,CO2,2023,18.03157206660062,Gg,PRIMAP-hist v2.6.1 HISTCR (country-reported); provincial share from Climate TRACE assets,
province,JAMBI,1B,Fugitive emissions from fuels,CO2,2023,31.856020950448208,Gg,PRIMAP-hist v2.6.1 HISTCR (country-reported); provincial share from Climate TRACE assets,
province,JAWA BARAT,1B,Fugitive emissions from fuels,CO2,2023,31.74892597710692,Gg,PRIMAP-hist v2.6.1 HISTCR (country-reported); provincial share from Climate TRACE assets,
province,JAWA TENGAH,1B,Fugitive emissions from fuels,CO2,2023,75.35280684944547,Gg,PRIMAP-hist v2.6.1 HISTCR (country-reported); provincial share from Climate TRACE assets,
province,JAWA TIMUR,1B,Fugitive emissions from fuels,CO2,2023,12.606155153209233,Gg,PRIMAP-hist v2.6.1 HISTCR (country-reported); provincial share from Climate TRACE assets,
province,KALIMANTAN SELATAN,1B,Fugitive emissions from fuels,CO2,2023,651.4809947170784,Gg,PRIMAP-hist v2.6.1 HISTCR (country-reported); provincial share from Climate TRACE assets,
province,KALIMANTAN TENGAH,1B,Fugitive emissions from fuels,CO2,2023,1979.8639740024105,Gg,PRIMAP-hist v2.6.1 HISTCR (country-reported); provincial share from Climate TRACE assets,
province,KALIMANTAN TIMUR,1B,Fugitive emissions from fuels,CO2,2023,1425.3840522348398,Gg,PRIMAP-hist v2.6.1 HISTCR (country-reported); provincial share from Climate TRACE assets,
province,KALIMANTAN UTARA,1B,Fugitive emissions from fuels,CO2,2023,58.4494881842584,Gg,PRIMAP-hist v2.6.1 HISTCR (country-reported); provincial share from Climate TRACE assets,
province,RIAU,1B,Fugitive emissions from fuels,CO2,2023,55.79197452388654,Gg,PRIMAP-hist v2.6.1 HISTCR (country-reported); provincial share from Climate TRACE assets,
province,SULAWESI SELATAN,1B,Fugitive emissions from fuels,CO2,2023,0.004974782689224423,Gg,PRIMAP-hist v2.6.1 HISTCR (country-reported); provincial share from Climate TRACE assets,
province,SULAWESI TENGGARA,1B,Fugitive emissions from fuels,CO2,2023,5.637626588752192,Gg,PRIMAP-hist v2.6.1 HISTCR (country-reported); provincial share from Climate TRACE assets,
province,SUMATERA BARAT,1B,Fugitive emissions from fuels,CO2,2023,3.875039866289416,Gg,PRIMAP-hist v2.6.1 HISTCR (country-reported); provincial share from Climate TRACE assets,
province,SUMATERA SELATAN,1B,Fugitive emissions from fuels,CO2,2023,844.7183501865927,Gg,PRIMAP-hist v2.6.1 HISTCR (country-reported); provincial share from Climate TRACE assets,
province,ACEH,2,Industrial processes,CO2,2023,385.0313581740132,Gg,PRIMAP-hist v2.6.1 HISTCR (country-reported); provincial share from Climate TRACE assets,
province,BANTEN,2,Industrial processes,CO2,2023,1224.0432334043128,Gg,PRIMAP-hist v2.6.1 HISTCR (country-reported); provincial share from Climate TRACE assets,
province,JAWA BARAT,2,Industrial processes,CO2,2023,9084.725468295386,Gg,PRIMAP-hist v2.6.1 HISTCR (country-reported); provincial share from Climate TRACE assets,
province,JAWA TENGAH,2,Industrial processes,CO2,2023,5934.8970348127605,Gg,PRIMAP-hist v2.6.1 HISTCR (country-reported); provincial share from Climate TRACE assets,
province,JAWA TIMUR,2,Industrial processes,CO2,2023,8252.617793077407,Gg,PRIMAP-hist v2.6.1 HISTCR (country-reported); provincial share from Climate TRACE assets,
province,KALIMANTAN BARAT,2,Industrial processes,CO2,2023,6416.332393360515,Gg,PRIMAP-hist v2.6.1 HISTCR (country-reported); provincial share from Climate TRACE assets,
province,KALIMANTAN SELATAN,2,Industrial processes,CO2,2023,2112.2309019095896,Gg,PRIMAP-hist v2.6.1 HISTCR (country-reported); provincial share from Climate TRACE assets,
province,KALIMANTAN TENGAH,2,Industrial processes,CO2,2023,103.6296848691722,Gg,PRIMAP-hist v2.6.1 HISTCR (country-reported); provincial share from Climate TRACE assets,
province,KALIMANTAN TIMUR,2,Industrial processes,CO2,2023,2624.848368575999,Gg,PRIMAP-hist v2.6.1 HISTCR (country-reported); provincial share from Climate TRACE assets,
province,KEPULAUAN RIAU,2,Industrial processes,CO2,2023,2780.5164042517317,Gg,PRIMAP-hist v2.6.1 HISTCR (country-reported); provincial share from Climate TRACE assets,
province,MALUKU,2,Industrial processes,CO2,2023,78.2361298578392,Gg,PRIMAP-hist v2.6.1 HISTCR (country-reported); provincial share from Climate TRACE assets,
province,NUSA TENGGARA BARAT,2,Industrial processes,CO2,2023,585.5569650222367,Gg,PRIMAP-hist v2.6.1 HISTCR (country-reported); provincial share from Climate TRACE assets,
province,NUSA TENGGARA TIMUR,2,Industrial processes,CO2,2023,2.4206831320876185,Gg,PRIMAP-hist v2.6.1 HISTCR (country-reported); provincial share from Climate TRACE assets,
province,PAPUA BARAT,2,Industrial processes,CO2,2023,1083.4871219078227,Gg,PRIMAP-hist v2.6.1 HISTCR (country-reported); provincial share from Climate TRACE assets,
province,PAPUA TENGAH,2,Industrial processes,CO2,2023,2604.0983608659926,Gg,PRIMAP-hist v2.6.1 HISTCR (country-reported); provincial share from Climate TRACE assets,
province,SULAWESI SELATAN,2,Industrial processes,CO2,2023,5692.882526235201,Gg,PRIMAP-hist v2.6.1 HISTCR (country-reported); provincial share from Climate TRACE assets,
province,SULAWESI TENGAH,2,Industrial processes,CO2,2023,516.9982749001608,Gg,PRIMAP-hist v2.6.1 HISTCR (country-reported); provincial share from Climate TRACE assets,
province,SULAWESI UTARA,2,Industrial processes,CO2,2023,3052.2132919566116,Gg,PRIMAP-hist v2.6.1 HISTCR (country-reported); provincial share from Climate TRACE assets,
province,SUMATERA BARAT,2,Industrial processes,CO2,2023,3837.033869961323,Gg,PRIMAP-hist v2.6.1 HISTCR (country-reported); provincial share from Climate TRACE assets,
province,SUMATERA SELATAN,2,Industrial processes,CO2,2023,1295.7717925246018,Gg,PRIMAP-hist v2.6.1 HISTCR (country-reported); provincial share from Climate TRACE assets,
province,SUMATERA UTARA,2,Industrial processes,CO2,2023,332.428342905175,Gg,PRIMAP-hist v2.6.1 HISTCR (country-reported); provincial share from Climate TRACE assets,
province,ACEH,3C,Agriculture other,CO2,2023,207.10670755601996,Gg,PRIMAP-hist v2.6.1 HISTCR (country-reported); provincial share from Climate TRACE assets,
province,BALI,3C,Agriculture other,CO2,2023,53.63317429575193,Gg,PRIMAP-hist v2.6.1 HISTCR (country-reported); provincial share from Climate TRACE assets,
province,BANTEN,3C,Agriculture other,CO2,2023,160.29224049088282,Gg,PRIMAP-hist v2.6.1 HISTCR (country-reported); provincial share from Climate TRACE assets,
province,BENGKULU,3C,Agriculture other,CO2,2023,54.99020214093535,Gg,PRIMAP-hist v2.6.1 HISTCR (country-reported); provincial share from Climate TRACE assets,
province,DI YOGYAKARTA,3C,Agriculture other,CO2,2023,42.288187341451064,Gg,PRIMAP-hist v2.6.1 HISTCR (country-reported); provincial share from Climate TRACE assets,
province,DKI JAKARTA,3C,Agriculture other,CO2,2023,1.373152238624016,Gg,PRIMAP-hist v2.6.1 HISTCR (country-reported); provincial share from Climate TRACE assets,
province,GORONTALO,3C,Agriculture other,CO2,2023,34.5793080070928,Gg,PRIMAP-hist v2.6.1 HISTCR (country-reported); provincial share from Climate TRACE assets,
province,JAMBI,3C,Agriculture other,CO2,2023,94.89888301352487,Gg,PRIMAP-hist v2.6.1 HISTCR (country-reported); provincial share from Climate TRACE assets,
province,JAWA BARAT,3C,Agriculture other,CO2,2023,734.0037135909278,Gg,PRIMAP-hist v2.6.1 HISTCR (country-reported); provincial share from Climate TRACE assets,
province,JAWA TENGAH,3C,Agriculture other,CO2,2023,796.8399428498608,Gg,PRIMAP-hist v2.6.1 HISTCR (country-reported); provincial share from Climate TRACE assets,
province,JAWA TIMUR,3C,Agriculture other,CO2,2023,818.9292287257624,Gg,PRIMAP-hist v2.6.1 HISTCR (country-reported); provincial share from Climate TRACE assets,
province,KALIMANTAN BARAT,3C,Agriculture other,CO2,2023,117.81632671155053,Gg,PRIMAP-hist v2.6.1 HISTCR (country-reported); provincial share from Climate TRACE assets,
province,KALIMANTAN SELATAN,3C,Agriculture other,CO2,2023,214.78391582438235,Gg,PRIMAP-hist v2.6.1 HISTCR (country-reported); provincial share from Climate TRACE assets,
province,KALIMANTAN TENGAH,3C,Agriculture other,CO2,2023,110.08430937143424,Gg,PRIMAP-hist v2.6.1 HISTCR (country-reported); provincial share from Climate TRACE assets,
province,KALIMANTAN TIMUR,3C,Agriculture other,CO2,2023,113.63148776554323,Gg,PRIMAP-hist v2.6.1 HISTCR (country-reported); provincial share from Climate TRACE assets,
province,KALIMANTAN UTARA,3C,Agriculture other,CO2,2023,0.896643793685844,Gg,PRIMAP-hist v2.6.1 HISTCR (country-reported); provincial share from Climate TRACE assets,
province,KEPULAUAN BANGKA BELITUNG,3C,Agriculture other,CO2,2023,10.916082128896187,Gg,PRIMAP-hist v2.6.1 HISTCR (country-reported); provincial share from Climate TRACE assets,
province,KEPULAUAN RIAU,3C,Agriculture other,CO2,2023,3.9262986173741283,Gg,PRIMAP-hist v2.6.1 HISTCR (country-reported); provincial share from Climate TRACE assets,
province,LAMPUNG,3C,Agriculture other,CO2,2023,341.5719685532845,Gg,PRIMAP-hist v2.6.1 HISTCR (country-reported); provincial share from Climate TRACE assets,
province,MALUKU,3C,Agriculture other,CO2,2023,13.351141011914441,Gg,PRIMAP-hist v2.6.1 HISTCR (country-reported); provincial share from Climate TRACE assets,
province,MALUKU UTARA,3C,Agriculture other,CO2,2023,2.249440206264414,Gg,PRIMAP-hist v2.6.1 HISTCR (country-reported); provincial share from Climate TRACE assets,
province,NUSA TENGGARA BARAT,3C,Agriculture other,CO2,2023,162.38839577849183,Gg,PRIMAP-hist v2.6.1 HISTCR (country-reported); provincial share from Climate TRACE assets,
province,NUSA TENGGARA TIMUR,3C,Agriculture other,CO2,2023,58.43263321215607,Gg,PRIMAP-hist v2.6.1 HISTCR (country-reported); provincial share from Climate TRACE assets,
province,PAPUA,3C,Agriculture other,CO2,2023,1.769521209025668,Gg,PRIMAP-hist v2.6.1 HISTCR (country-reported); provincial share from Climate TRACE assets,
province,PAPUA BARAT,3C,Agriculture other,CO2,2023,3.6976836155355897,Gg,PRIMAP-hist v2.6.1 HISTCR (country-reported); provincial share from Climate TRACE assets,
province,PAPUA BARAT DAYA,3C,Agriculture other,CO2,2023,1.69926857274432,Gg,PRIMAP-hist v2.6.1 HISTCR (country-reported); provincial share from Climate TRACE assets,
province,PAPUA PEGUNUNGAN,3C,Agriculture other,CO2,2023,0.9061442424324601,Gg,PRIMAP-hist v2.6.1 HISTCR (country-reported); provincial share from Climate TRACE assets,
province,PAPUA SELATAN,3C,Agriculture other,CO2,2023,16.49604342382611,Gg,PRIMAP-hist v2.6.1 HISTCR (country-reported); provincial share from Climate TRACE assets,
province,PAPUA TENGAH,3C,Agriculture other,CO2,2023,0.6271703093904121,Gg,PRIMAP-hist v2.6.1 HISTCR (country-reported); provincial share from Climate TRACE assets,
province,RIAU,3C,Agriculture other,CO2,2023,185.1770451415234,Gg,PRIMAP-hist v2.6.1 HISTCR (country-reported); provincial share from Climate TRACE assets,
province,SULAWESI BARAT,3C,Agriculture other,CO2,2023,49.38732896721807,Gg,PRIMAP-hist v2.6.1 HISTCR (country-reported); provincial share from Climate TRACE assets,
province,SULAWESI SELATAN,3C,Agriculture other,CO2,2023,647.2967952417137,Gg,PRIMAP-hist v2.6.1 HISTCR (country-reported); provincial share from Climate TRACE assets,
province,SULAWESI TENGAH,3C,Agriculture other,CO2,2023,124.85254463962492,Gg,PRIMAP-hist v2.6.1 HISTCR (country-reported); provincial share from Climate TRACE assets,
province,SULAWESI TENGGARA,3C,Agriculture other,CO2,2023,81.47989805842815,Gg,PRIMAP-hist v2.6.1 HISTCR (country-reported); provincial share from Climate TRACE assets,
province,SULAWESI UTARA,3C,Agriculture other,CO2,2023,44.41046327793269,Gg,PRIMAP-hist v2.6.1 HISTCR (country-reported); provincial share from Climate TRACE assets,
province,SUMATERA BARAT,3C,Agriculture other,CO2,2023,186.8612156833955,Gg,PRIMAP-hist v2.6.1 HISTCR (country-reported); provincial share from Climate TRACE assets,
province,SUMATERA SELATAN,3C,Agriculture other,CO2,2023,437.34994475582255,Gg,PRIMAP-hist v2.6.1 HISTCR (country-reported); provincial share from Climate TRACE assets,
province,SUMATERA UTARA,3C,Agriculture other,CO2,2023,249.00554963555948,Gg,PRIMAP-hist v2.6.1 HISTCR (country-reported); provincial share from Climate TRACE assets,
province,ACEH,4,Waste,CO2,2023,17.954301087337356,Gg,PRIMAP-hist v2.6.1 HISTCR (country-reported); provincial share from Climate TRACE assets,
province,BALI,4,Waste,CO2,2023,162.42381239678124,Gg,PRIMAP-hist v2.6.1 HISTCR (country-reported); provincial share from Climate TRACE assets,
province,BANTEN,4,Waste,CO2,2023,145.3198301738849,Gg,PRIMAP-hist v2.6.1 HISTCR (country-reported); provincial share from Climate TRACE assets,
province,BENGKULU,4,Waste,CO2,2023,1.142594689090239,Gg,PRIMAP-hist v2.6.1 HISTCR (country-reported); provincial share from Climate TRACE assets,
province,DI YOGYAKARTA,4,Waste,CO2,2023,68.7279385003536,Gg,PRIMAP-hist v2.6.1 HISTCR (country-reported); provincial share from Climate TRACE assets,
province,DKI JAKARTA,4,Waste,CO2,2023,168.13637051182778,Gg,PRIMAP-hist v2.6.1 HISTCR (country-reported); provincial share from Climate TRACE assets,
province,JAMBI,4,Waste,CO2,2023,12.082819462906041,Gg,PRIMAP-hist v2.6.1 HISTCR (country-reported); provincial share from Climate TRACE assets,
province,JAWA BARAT,4,Waste,CO2,2023,1240.9927086155305,Gg,PRIMAP-hist v2.6.1 HISTCR (country-reported); provincial share from Climate TRACE assets,
province,JAWA TENGAH,4,Waste,CO2,2023,96.26284140414204,Gg,PRIMAP-hist v2.6.1 HISTCR (country-reported); provincial share from Climate TRACE assets,
province,JAWA TIMUR,4,Waste,CO2,2023,146.32994519188662,Gg,PRIMAP-hist v2.6.1 HISTCR (country-reported); provincial share from Climate TRACE assets,
province,KALIMANTAN BARAT,4,Waste,CO2,2023,5.894783906205555,Gg,PRIMAP-hist v2.6.1 HISTCR (country-reported); provincial share from Climate TRACE assets,
province,KALIMANTAN SELATAN,4,Waste,CO2,2023,51.104976003885675,Gg,PRIMAP-hist v2.6.1 HISTCR (country-reported); provincial share from Climate TRACE assets,
province,KALIMANTAN TENGAH,4,Waste,CO2,2023,1.24194335311548,Gg,PRIMAP-hist v2.6.1 HISTCR (country-reported); provincial share from Climate TRACE assets,
province,KALIMANTAN TIMUR,4,Waste,CO2,2023,4.530082422120975,Gg,PRIMAP-hist v2.6.1 HISTCR (country-reported); provincial share from Climate TRACE assets,
province,KEPULAUAN BANGKA BELITUNG,4,Waste,CO2,2023,3.88579405524372,Gg,PRIMAP-hist v2.6.1 HISTCR (country-reported); provincial share from Climate TRACE assets,
province,KEPULAUAN RIAU,4,Waste,CO2,2023,26.61077065957344,Gg,PRIMAP-hist v2.6.1 HISTCR (country-reported); provincial share from Climate TRACE assets,
province,LAMPUNG,4,Waste,CO2,2023,10.521916422239133,Gg,PRIMAP-hist v2.6.1 HISTCR (country-reported); provincial share from Climate TRACE assets,
province,MALUKU,4,Waste,CO2,2023,0.474887430694431,Gg,PRIMAP-hist v2.6.1 HISTCR (country-reported); provincial share from Climate TRACE assets,
province,MALUKU UTARA,4,Waste,CO2,2023,8.444094328962377,Gg,PRIMAP-hist v2.6.1 HISTCR (country-reported); provincial share from Climate TRACE assets,
province,NUSA TENGGARA BARAT,4,Waste,CO2,2023,8.791995644380098,Gg,PRIMAP-hist v2.6.1 HISTCR (country-reported); provincial share from Climate TRACE assets,
province,NUSA TENGGARA TIMUR,4,Waste,CO2,2023,6.104357425577448,Gg,PRIMAP-hist v2.6.1 HISTCR (country-reported); provincial share from Climate TRACE assets,
province,PAPUA BARAT,4,Waste,CO2,2023,1.0940516949948391,Gg,PRIMAP-hist v2.6.1 HISTCR (country-reported); provincial share from Climate TRACE assets,
province,RIAU,4,Waste,CO2,2023,28.998464992344466,Gg,PRIMAP-hist v2.6.1 HISTCR (country-reported); provincial share from Climate TRACE assets,
province,SULAWESI SELATAN,4,Waste,CO2,2023,68.5248507254058,Gg,PRIMAP-hist v2.6.1 HISTCR (country-reported); provincial share from Climate TRACE assets,
province,SULAWESI TENGAH,4,Waste,CO2,2023,7.2196747489346045,Gg,PRIMAP-hist v2.6.1 HISTCR (country-reported); provincial share from Climate TRACE assets,
province,SULAWESI TENGGARA,4,Waste,CO2,2023,11.408831868075563,Gg,PRIMAP-hist v2.6.1 HISTCR (country-reported); provincial share from Climate TRACE assets,
province,SULAWESI UTARA,4,Waste,CO2,2023,2.981368281009492,Gg,PRIMAP-hist v2.6.1 HISTCR (country-reported); provincial share from Climate TRACE assets,
province,SUMATERA BARAT,4,Waste,CO2,2023,25.300505521015094,Gg,PRIMAP-hist v2.6.1 HISTCR (country-reported); provincial share from Climate TRACE assets,
province,SUMATERA SELATAN,4,Waste,CO2,2023,23.088504325835196,Gg,PRIMAP-hist v2.6.1 HISTCR (country-reported); provincial share from Climate TRACE assets,
province,SUMATERA UTARA,4,Waste,CO2,2023,74.40498415664322,Gg,PRIMAP-hist v2.6.1 HISTCR (country-reported); provincial share from Climate TRACE assets,
province,ACEH,3B1,Land: drained organic soils,CO2,2023,5457.615659622726,Gg,"FAOSTAT Emissions from Drained Organic Soils and Land Use Fires, 2022; provincial share from Climate TRACE assets",
province,BALI,3B1,Land: drained organic soils,CO2,2023,36.60764365837397,Gg,"FAOSTAT Emissions from Drained Organic Soils and Land Use Fires, 2022; provincial share from Climate TRACE assets",
province,BANTEN,3B1,Land: drained organic soils,CO2,2023,605.69466130423,Gg,"FAOSTAT Emissions from Drained Organic Soils and Land Use Fires, 2022; provincial share from Climate TRACE assets",
province,BENGKULU,3B1,Land: drained organic soils,CO2,2023,102.67310073680831,Gg,"FAOSTAT Emissions from Drained Organic Soils and Land Use Fires, 2022; provincial share from Climate TRACE assets",
province,DI YOGYAKARTA,3B1,Land: drained organic soils,CO2,2023,177.5379133033741,Gg,"FAOSTAT Emissions from Drained Organic Soils and Land Use Fires, 2022; provincial share from Climate TRACE assets",
province,DKI JAKARTA,3B1,Land: drained organic soils,CO2,2023,68.25796735376008,Gg,"FAOSTAT Emissions from Drained Organic Soils and Land Use Fires, 2022; provincial share from Climate TRACE assets",
province,GORONTALO,3B1,Land: drained organic soils,CO2,2023,1740.7489327203507,Gg,"FAOSTAT Emissions from Drained Organic Soils and Land Use Fires, 2022; provincial share from Climate TRACE assets",
province,JAMBI,3B1,Land: drained organic soils,CO2,2023,146.89694042705386,Gg,"FAOSTAT Emissions from Drained Organic Soils and Land Use Fires, 2022; provincial share from Climate TRACE assets",
province,JAWA BARAT,3B1,Land: drained organic soils,CO2,2023,3799.26006250993,Gg,"FAOSTAT Emissions from Drained Organic Soils and Land Use Fires, 2022; provincial share from Climate TRACE assets",
province,JAWA TENGAH,3B1,Land: drained organic soils,CO2,2023,5236.305672186588,Gg,"FAOSTAT Emissions from Drained Organic Soils and Land Use Fires, 2022; provincial share from Climate TRACE assets",
province,JAWA TIMUR,3B1,Land: drained organic soils,CO2,2023,17295.474063377882,Gg,"FAOSTAT Emissions from Drained Organic Soils and Land Use Fires, 2022; provincial share from Climate TRACE assets",
province,KALIMANTAN BARAT,3B1,Land: drained organic soils,CO2,2023,1060.8867136202325,Gg,"FAOSTAT Emissions from Drained Organic Soils and Land Use Fires, 2022; provincial share from Climate TRACE assets",
province,KALIMANTAN SELATAN,3B1,Land: drained organic soils,CO2,2023,7331.334828028982,Gg,"FAOSTAT Emissions from Drained Organic Soils and Land Use Fires, 2022; provincial share from Climate TRACE assets",
province,KALIMANTAN TENGAH,3B1,Land: drained organic soils,CO2,2023,31820.85897640158,Gg,"FAOSTAT Emissions from Drained Organic Soils and Land Use Fires, 2022; provincial share from Climate TRACE assets",
province,KALIMANTAN TIMUR,3B1,Land: drained organic soils,CO2,2023,632.9956943505176,Gg,"FAOSTAT Emissions from Drained Organic Soils and Land Use Fires, 2022; provincial share from Climate TRACE assets",
province,KALIMANTAN UTARA,3B1,Land: drained organic soils,CO2,2023,25449.895739246294,Gg,"FAOSTAT Emissions from Drained Organic Soils and Land Use Fires, 2022; provincial share from Climate TRACE assets",
province,KEPULAUAN BANGKA BELITUNG,3B1,Land: drained organic soils,CO2,2023,1232.6180385608545,Gg,"FAOSTAT Emissions from Drained Organic Soils and Land Use Fires, 2022; provincial share from Climate TRACE assets",
province,KEPULAUAN RIAU,3B1,Land: drained organic soils,CO2,2023,192.711655423612,Gg,"FAOSTAT Emissions from Drained Organic Soils and Land Use Fires, 2022; provincial share from Climate TRACE assets",
province,LAMPUNG,3B1,Land: drained organic soils,CO2,2023,158.0413843526673,Gg,"FAOSTAT Emissions from Drained Organic Soils and Land Use Fires, 2022; provincial share from Climate TRACE assets",
province,MALUKU,3B1,Land: drained organic soils,CO2,2023,29.756202404329983,Gg,"FAOSTAT Emissions from Drained Organic Soils and Land Use Fires, 2022; provincial share from Climate TRACE assets",
province,MALUKU UTARA,3B1,Land: drained organic soils,CO2,2023,168.20047817861266,Gg,"FAOSTAT Emissions from Drained Organic Soils and Land Use Fires, 2022; provincial share from Climate TRACE assets",
province,NUSA TENGGARA BARAT,3B1,Land: drained organic soils,CO2,2023,551.0325117574446,Gg,"FAOSTAT Emissions from Drained Organic Soils and Land Use Fires, 2022; provincial share from Climate TRACE assets",
province,NUSA TENGGARA TIMUR,3B1,Land: drained organic soils,CO2,2023,1001.3853020846141,Gg,"FAOSTAT Emissions from Drained Organic Soils and Land Use Fires, 2022; provincial share from Climate TRACE assets",
province,PAPUA,3B1,Land: drained organic soils,CO2,2023,235.89177733724327,Gg,"FAOSTAT Emissions from Drained Organic Soils and Land Use Fires, 2022; provincial share from Climate TRACE assets",
province,PAPUA BARAT,3B1,Land: drained organic soils,CO2,2023,7.653795949211144,Gg,"FAOSTAT Emissions from Drained Organic Soils and Land Use Fires, 2022; provincial share from Climate TRACE assets",
province,PAPUA BARAT DAYA,3B1,Land: drained organic soils,CO2,2023,272.2041913802214,Gg,"FAOSTAT Emissions from Drained Organic Soils and Land Use Fires, 2022; provincial share from Climate TRACE assets",
province,PAPUA PEGUNUNGAN,3B1,Land: drained organic soils,CO2,2023,15972.045978255313,Gg,"FAOSTAT Emissions from Drained Organic Soils and Land Use Fires, 2022; provincial share from Climate TRACE assets",
province,PAPUA SELATAN,3B1,Land: drained organic soils,CO2,2023,78210.0092456643,Gg,"FAOSTAT Emissions from Drained Organic Soils and Land Use Fires, 2022; provincial share from Climate TRACE assets",
province,PAPUA TENGAH,3B1,Land: drained organic soils,CO2,2023,14475.492760284724,Gg,"FAOSTAT Emissions from Drained Organic Soils and Land Use Fires, 2022; provincial share from Climate TRACE assets",
province,RIAU,3B1,Land: drained organic soils,CO2,2023,1659.3204707922278,Gg,"FAOSTAT Emissions from Drained Organic Soils and Land Use Fires, 2022; provincial share from Climate TRACE assets",
province,SULAWESI BARAT,3B1,Land: drained organic soils,CO2,2023,3951.7179922042556,Gg,"FAOSTAT Emissions from Drained Organic Soils and Land Use Fires, 2022; provincial share from Climate TRACE assets",
province,SULAWESI SELATAN,3B1,Land: drained organic soils,CO2,2023,3190.180823949004,Gg,"FAOSTAT Emissions from Drained Organic Soils and Land Use Fires, 2022; provincial share from Climate TRACE assets",
province,SULAWESI TENGAH,3B1,Land: drained organic soils,CO2,2023,1177.0184476084905,Gg,"FAOSTAT Emissions from Drained Organic Soils and Land Use Fires, 2022; provincial share from Climate TRACE assets",
province,SULAWESI TENGGARA,3B1,Land: drained organic soils,CO2,2023,2962.4996354601035,Gg,"FAOSTAT Emissions from Drained Organic Soils and Land Use Fires, 2022; provincial share from Climate TRACE assets",
province,SULAWESI UTARA,3B1,Land: drained organic soils,CO2,2023,1433.672561999408,Gg,"FAOSTAT Emissions from Drained Organic Soils and Land Use Fires, 2022; provincial share from Climate TRACE assets",
province,SUMATERA BARAT,3B1,Land: drained organic soils,CO2,2023,546.2591761398631,Gg,"FAOSTAT Emissions from Drained Organic Soils and Land Use Fires, 2022; provincial share from Climate TRACE assets",
province,SUMATERA SELATAN,3B1,Land: drained organic soils,CO2,2023,12203.67914114243,Gg,"FAOSTAT Emissions from Drained Organic Soils and Land Use Fires, 2022; provincial share from Climate TRACE assets",
province,SUMATERA UTARA,3B1,Land: drained organic soils,CO2,2023,759.1638602219,Gg,"FAOSTAT Emissions from Drained Organic Soils and Land Use Fires, 2022; provincial share from Climate TRACE assets",
province,ACEH,3B2,Land: fire,CO2,2023,173.96743180174073,Gg,"FAOSTAT Emissions from Drained Organic Soils and Land Use Fires, 2022; provincial share from Climate TRACE assets",
province,BALI,3B2,Land: fire,CO2,2023,1.5534016297206994,Gg,"FAOSTAT Emissions from Drained Organic Soils and Land Use Fires, 2022; provincial share from Climate TRACE assets",
province,BANTEN,3B2,Land: fire,CO2,2023,7.3766372051804,Gg,"FAOSTAT Emissions from Drained Organic Soils and Land Use Fires, 2022; provincial share from Climate TRACE assets",
province,BENGKULU,3B2,Land: fire,CO2,2023,135.71102091532265,Gg,"FAOSTAT Emissions from Drained Organic Soils and Land Use Fires, 2022; provincial share from Climate TRACE assets",
province,DI YOGYAKARTA,3B2,Land: fire,CO2,2023,0.307316078719881,Gg,"FAOSTAT Emissions from Drained Organic Soils and Land Use Fires, 2022; provincial share from Climate TRACE assets",
province,DKI JAKARTA,3B2,Land: fire,CO2,2023,0.00010276707877171109,Gg,"FAOSTAT Emissions from Drained Organic Soils and Land Use Fires, 2022; provincial share from Climate TRACE assets",
province,GORONTALO,3B2,Land: fire,CO2,2023,21.552190187183058,Gg,"FAOSTAT Emissions from Drained Organic Soils and Land Use Fires, 2022; provincial share from Climate TRACE assets",
province,JAMBI,3B2,Land: fire,CO2,2023,434.163620684893,Gg,"FAOSTAT Emissions from Drained Organic Soils and Land Use Fires, 2022; provincial share from Climate TRACE assets",
province,JAWA BARAT,3B2,Land: fire,CO2,2023,9.791006394424226,Gg,"FAOSTAT Emissions from Drained Organic Soils and Land Use Fires, 2022; provincial share from Climate TRACE assets",
province,JAWA TENGAH,3B2,Land: fire,CO2,2023,6.676720019844515,Gg,"FAOSTAT Emissions from Drained Organic Soils and Land Use Fires, 2022; provincial share from Climate TRACE assets",
province,JAWA TIMUR,3B2,Land: fire,CO2,2023,14.630669025197763,Gg,"FAOSTAT Emissions from Drained Organic Soils and Land Use Fires, 2022; provincial share from Climate TRACE assets",
province,KALIMANTAN BARAT,3B2,Land: fire,CO2,2023,785.8560532758258,Gg,"FAOSTAT Emissions from Drained Organic Soils and Land Use Fires, 2022; provincial share from Climate TRACE assets",
province,KALIMANTAN SELATAN,3B2,Land: fire,CO2,2023,52.091744393587014,Gg,"FAOSTAT Emissions from Drained Organic Soils and Land Use Fires, 2022; provincial share from Climate TRACE assets",
province,KALIMANTAN TENGAH,3B2,Land: fire,CO2,2023,600.2719830479264,Gg,"FAOSTAT Emissions from Drained Organic Soils and Land Use Fires, 2022; provincial share from Climate TRACE assets",
province,KALIMANTAN TIMUR,3B2,Land: fire,CO2,2023,343.34326743692964,Gg,"FAOSTAT Emissions from Drained Organic Soils and Land Use Fires, 2022; provincial share from Climate TRACE assets",
province,KALIMANTAN UTARA,3B2,Land: fire,CO2,2023,204.73228839090712,Gg,"FAOSTAT Emissions from Drained Organic Soils and Land Use Fires, 2022; provincial share from Climate TRACE assets",
province,KEPULAUAN BANGKA BELITUNG,3B2,Land: fire,CO2,2023,107.88861100932981,Gg,"FAOSTAT Emissions from Drained Organic Soils and Land Use Fires, 2022; provincial share from Climate TRACE assets",
province,KEPULAUAN RIAU,3B2,Land: fire,CO2,2023,14.820630782824015,Gg,"FAOSTAT Emissions from Drained Organic Soils and Land Use Fires, 2022; provincial share from Climate TRACE assets",
province,LAMPUNG,3B2,Land: fire,CO2,2023,18.39642919180842,Gg,"FAOSTAT Emissions from Drained Organic Soils and Land Use Fires, 2022; provincial share from Climate TRACE assets",
province,MALUKU,3B2,Land: fire,CO2,2023,53.53886592703451,Gg,"FAOSTAT Emissions from Drained Organic Soils and Land Use Fires, 2022; provincial share from Climate TRACE assets",
province,MALUKU UTARA,3B2,Land: fire,CO2,2023,67.463162611783,Gg,"FAOSTAT Emissions from Drained Organic Soils and Land Use Fires, 2022; provincial share from Climate TRACE assets",
province,NUSA TENGGARA BARAT,3B2,Land: fire,CO2,2023,48.646741956204686,Gg,"FAOSTAT Emissions from Drained Organic Soils and Land Use Fires, 2022; provincial share from Climate TRACE assets",
province,NUSA TENGGARA TIMUR,3B2,Land: fire,CO2,2023,138.3725692202809,Gg,"FAOSTAT Emissions from Drained Organic Soils and Land Use Fires, 2022; provincial share from Climate TRACE assets",
province,PAPUA,3B2,Land: fire,CO2,2023,67.51106978304476,Gg,"FAOSTAT Emissions from Drained Organic Soils and Land Use Fires, 2022; provincial share from Climate TRACE assets",
province,PAPUA BARAT,3B2,Land: fire,CO2,2023,91.8581067468171,Gg,"FAOSTAT Emissions from Drained Organic Soils and Land Use Fires, 2022; provincial share from Climate TRACE assets",
province,PAPUA BARAT DAYA,3B2,Land: fire,CO2,2023,51.79767054971816,Gg,"FAOSTAT Emissions from Drained Organic Soils and Land Use Fires, 2022; provincial share from Climate TRACE assets",
province,PAPUA PEGUNUNGAN,3B2,Land: fire,CO2,2023,136.36304230367375,Gg,"FAOSTAT Emissions from Drained Organic Soils and Land Use Fires, 2022; provincial share from Climate TRACE assets",
province,PAPUA SELATAN,3B2,Land: fire,CO2,2023,37.21827102335624,Gg,"FAOSTAT Emissions from Drained Organic Soils and Land Use Fires, 2022; provincial share from Climate TRACE assets",
province,PAPUA TENGAH,3B2,Land: fire,CO2,2023,82.81288973083156,Gg,"FAOSTAT Emissions from Drained Organic Soils and Land Use Fires, 2022; provincial share from Climate TRACE assets",
province,RIAU,3B2,Land: fire,CO2,2023,429.6544748038509,Gg,"FAOSTAT Emissions from Drained Organic Soils and Land Use Fires, 2022; provincial share from Climate TRACE assets",
province,SULAWESI BARAT,3B2,Land: fire,CO2,2023,72.49795226348267,Gg,"FAOSTAT Emissions from Drained Organic Soils and Land Use Fires, 2022; provincial share from Climate TRACE assets",
province,SULAWESI SELATAN,3B2,Land: fire,CO2,2023,87.73901743897547,Gg,"FAOSTAT Emissions from Drained Organic Soils and Land Use Fires, 2022; provincial share from Climate TRACE assets",
province,SULAWESI TENGAH,3B2,Land: fire,CO2,2023,206.73411244820963,Gg,"FAOSTAT Emissions from Drained Organic Soils and Land Use Fires, 2022; provincial share from Climate TRACE assets",
province,SULAWESI TENGGARA,3B2,Land: fire,CO2,2023,108.60790826967522,Gg,"FAOSTAT Emissions from Drained Organic Soils and Land Use Fires, 2022; provincial share from Climate TRACE assets",
province,SULAWESI UTARA,3B2,Land: fire,CO2,2023,15.17417969743099,Gg,"FAOSTAT Emissions from Drained Organic Soils and Land Use Fires, 2022; provincial share from Climate TRACE assets",
province,SUMATERA BARAT,3B2,Land: fire,CO2,2023,276.39066067587294,Gg,"FAOSTAT Emissions from Drained Organic Soils and Land Use Fires, 2022; provincial share from Climate TRACE assets",
province,SUMATERA SELATAN,3B2,Land: fire,CO2,2023,286.58583288053615,Gg,"FAOSTAT Emissions from Drained Organic Soils and Land Use Fires, 2022; provincial share from Climate TRACE assets",
province,SUMATERA UTARA,3B2,Land: fire,CO2,2023,219.60234743076512,Gg,"FAOSTAT Emissions from Drained Organic Soils and Land Use Fires, 2022; provincial share from Climate TRACE assets",
